"time","Be","Bt","Bet","Pl","Pe","Pt","ery","tet"
0,17167,16278,0,179167,0,0,0,0
0.1,20119.2958562284,18894.6991122059,0,179166.853590743,0,0,0,0
0.2,23579.3250479201,21932.0423984908,0,179166.682799902,0,0,0,0
0.3,27634.3678964073,25457.620559871,0,179166.48356437,0,0,0,0
0.4,32386.7518925785,29549.9171828868,0,179166.251141183,0,0,0,0
0.5,37956.4017793167,34300.0311956744,0,179165.979995647,0,0,0,0
0.6,44483.8476813494,39813.692561303,0,179165.663669824,0,0,0,0
0.7,52133.7885061971,46213.6276136382,0,179165.294627328,0,0,0,0
0.8,61099.2411449954,53642.2862065229,0,179172.723089157,4.2445779879429e-08,4.00738869073271e-08,0,0
0.9,71606.4068888366,62265.0097120452,0,179184.870765129,1.11036633311127e-07,1.04308086423786e-07,0,0
1,83920.3722516871,72273.7066175678,0,179199.041324294,1.91422406743711e-07,1.7886704086403e-07,0,0
1.1,98351.7936365273,83891.1211419792,4.53338757494462e-13,179215.571958952,2.85631079705473e-07,2.65410060479483e-07,0,0
1.2,115264.726258684,97375.7844887816,2.89571965510984e-12,179234.856120243,3.96039254634193e-07,3.65863067645668e-07,0,0
1.3,135085.798527648,113027.761242799,6.07642747468338e-12,179257.352910345,5.25432059716111e-07,4.8246141051006e-07,0,0
1.4,158314.959558111,131195.316433354,1.02001308802992e-11,179283.598030089,6.77073256036261e-07,6.17799488591793e-07,0,0
1.5,185538.068544786,152282.650149578,4.49821180231183e-11,179314.216757017,8.54788512986506e-07,7.74889328524304e-07,0,0
1.6,217441.648312182,176758.874333697,7.23631139284974e-11,179349.940519313,1.06307101871906e-06,9.5723551641796e-07,0,0
1.7,254830.157012434,205168.420880145,9.48047853043702e-11,179391.621810697,1.30718042208115e-06,1.16890046302829e-06,0,0
1.8,298646.226135605,238143.119472225,1.25525393207024e-10,179440.255554195,1.59328088788241e-06,1.414599541437e-06,0,0
1.9,349994.361822464,276416.205728072,1.67073963141761e-10,179497.003067882,1.92859743547909e-06,1.69980674298936e-06,0,0
2,410168.692178576,320838.562402624,2.27163648354345e-10,179563.220010073,2.32159900849735e-06,2.03087711036123e-06,0,0
2.1,480685.460128292,372397.554100069,3.09117686559706e-10,179640.488964332,2.78221277966479e-06,2.41518866906425e-06,0,0
2.2,563321.041425857,432238.851817338,4.20162747545742e-10,179730.657519841,3.32207552201658e-06,2.86130733298726e-06,0,0
2.3,660156.483561902,501691.751122862,5.71045450788242e-10,179835.882801206,3.95482864730155e-06,3.37917861328166e-06,0,0
2.4,773629.576407679,582298.484871195,7.79550918154313e-10,179958.683503504,4.69646421570559e-06,3.98035032938004e-06,0,0
2.5,906595.786655115,675848.190387316,1.49922134588659e-09,180102.000722408,5.56573089698298e-06,4.67823143418314e-06,0,0
2.6,1062399.51392196,784416.241432527,2.14855228254935e-09,180269.268940532,6.58460942475106e-06,5.4883923025077e-06,0,0
2.7,1244957.37037746,910409.765862556,2.82148549311914e-09,180464.499351777,7.77887256043228e-06,6.42891507238254e-06,0,0
2.8,1458855.53590283,1056620.32979346,3.68142979484731e-09,180692.377213127,9.1787416352831e-06,7.5208005497524e-06,0,0
2.9,1709463.42804129,1226284.84097205,4.83190578682942e-09,180958.375687592,1.08196569168692e-05,8.78844121300307e-06,0,0
3,2003066.3818402,1423155.9278815,6.378945704434e-09,181268.889132556,1.27431825445878e-05,1.02601716914934e-05,0,0
3.1,2347020.42007022,1651583.21086125,8.45267006075193e-09,181631.389396793,1.49980710722457e-05,1.196891034932e-05,0,0
3.2,2749932.6284629,1916607.05844858,1.12386246348372e-08,182054.608874559,1.76415142160836e-05,1.39529061649916e-05,0,0
3.3,3221871.18421433,2224066.63901064,1.50016541865592e-08,182548.75518071,2.07406141456049e-05,1.62566092890009e-05,0,0
3.4,3774609.62148741,2580724.28463096,2.00814546232644e-08,183125.763155802,2.437411569954e-05,1.89316867086694e-05,0,0
3.5,4421910.56269446,2994408.43104878,2.69534110131243e-08,183799.590588901,2.8634444948825e-05,2.20382068031333e-05,0,0
3.6,5179854.91305999,3474177.6898628,3.26252095574866e-08,184586.566241248,3.3630114757058e-05,2.5646024716027e-05,0,0
3.7,6067222.95403438,4030508.71833515,4.53923496732463e-08,185505.798906233,3.94885596359944e-05,2.98364006145541e-05,0,0
3.8,7105932.74269863,4675509.94492197,6.19519323658125e-08,186579.658089917,4.6359474830551e-05,3.47038892744513e-05,0,0
3.9,8321549.47726528,5423167.05279983,8.44674262071092e-08,187834.344996129,5.44187918821357e-05,4.0358570604219e-05,0,0
4,9743866.71268063,6289619.76171,1.15176264434825e-07,189300.562487481,6.3873353124827e-05,4.69286501449112e-05,0,0
4.1,11407568.4508762,7293473.2852416,1.56911028317281e-07,191014.305040786,7.49664335585635e-05,5.45635057022066e-05,0,0
4.2,13352997.3658665,8456155.11556271,2.15445838055316e-07,193017.810648577,8.79844061273249e-05,6.34373352899732e-05,0,0
4.3,15627005.3873508,9802304.44057696,2.9309173122495e-07,195360.666621407,0.000103264496575319,7.37533663344253e-05,0,0
4.4,18283929.3833644,11360212.7498587,4.03686943360021e-07,198101.149064025,0.000121204187386378,8.57489227017441e-05,0,0
4.5,21386669.3158117,13162302.6402742,5.46850340387979e-07,201307.803282402,0.000142272325744912,9.97013624271863e-05,0,0
4.6,25007886.242515,15245650.7388572,7.41928117347655e-07,205061.340953427,0.000167022467467338,0.000115935159254105,0,0
4.7,29231309.9523174,17652547.1050405,1.00662807075823e-06,209456.915204728,0.000196108887706512,0.00013483033723691,0,0
4.8,34153149.4359313,20431084.5505766,1.36305979454816e-06,214606.857001492,0.000230305844668833,0.000156832548333172,0,0
4.9,39883571.7965229,23635759.028894,1.84866725387691e-06,220643.957609135,0.000270530690656252,0.000182465078704084,0,0
5,46548219.9560193,27328063.3056251,2.50673134289824e-06,227725.441030362,0.000317871839670042,0.000212343279534399,0,0
5.1,54289719.7656535,31577046.2544226,3.39724561504172e-06,236037.801986482,0.000373622823448238,0.000247192022319478,0,0
5.2,63269063.7136036,36459784.157741,4.60152533311458e-06,245802.639977513,0.000439323348605384,0.000287866599908422,0,0
5.3,73666771.7765639,42061714.1093714,6.22814407497856e-06,257283.761990669,0.000516809267701455,0.000335377996329127,0,0
5.4,85683666.8637601,48476753.3827161,8.42216840301066e-06,270795.831131509,0.000608273411014785,0.000390923440966183,0,0
5.5,99541037.6703623,55807101.6200873,1.13788425272942e-05,286714.865905152,0.000716339423535541,0.000455923230579065,0,0
5.6,115479974.598269,64162629.8723287,1.53569042394941e-05,305491.088291208,0.000844152120093003,0.00053206547660311,0,0
5.7,133759502.221508,73659694.8279343,2.06912911791624e-05,327664.433556993,0.000995486584653118,0.000621359711146489,0,0
5.8,154653216.461405,84419258.1701196,2.78496274166972e-05,353883.287183428,0.00117488003962335,0.000726201174143644,0,0
5.9,178443981.022895,96564127.2442815,3.74206666588637e-05,384927.184663154,0.00138779175262424,0.000849448095546584,0,0
6,205416361.789071,110215203.989535,5.01222763258991e-05,421733.754969133,0.00164079309247743,0.000994512692676884,0,0
6.1,235846451.484252,125486619.456341,6.70859115193633e-05,465430.644497076,0.00194179313771238,0.00116546809151734,0,0
6.2,269988921.860685,142479726.389921,8.95668130186709e-05,517372.731219393,0.00230030232288832,0.00136717185487107,0,0
6.3,308061347.337703,161276019.683641,0.000119246462332249,579184.811564049,0.00272773582324408,0.00160540629840599,0,0
6.4,350226213.416427,181929221.028533,0.000158265939846117,652809.425226173,0.00323775484374824,0.00188703397056224,0,0
6.5,396571445.204421,204456945.61262,0.000209326195319589,740558.899178428,0.00384663996110568,0.00222016466408105,0,0
6.6,447090788.527323,228832574.766054,0.000275861122469105,845169.732663573,0.00457368395799079,0.0026143270879818,0,0
6.7,501665895.780933,254978163.263338,0.000361939660040359,969856.361744697,0.00544158389532023,0.00308063478625948,0,0
6.8,560052386.366006,282759352.765862,0.000472697704016047,1118359.60337466,0.00647679963400836,0.00363193030126643,0,0
6.9,621872046.439539,311983194.564327,0.0006143055421259,1294984.39126374,0.00770984107179166,0.00428288926046355,0,0
7,686613758.249757,342399907.409717,0.000794103223983266,1504617.38169167,0.00917541675915536,0.00505005352980843,0,0
7.1,753643631.805268,373708647.485723,0.00102073882697568,1752719.17751135,0.0109124058765161,0.00595177648992019,0,0
7.2,822226262.950716,405568001.106429,0.0013042455481924,2045275.12551113,0.0129635375431297,0.00700802870062495,0,0
7.3,891554554.291856,437609929.236583,0.00165610576127774,2388700.92890259,0.0153747479857127,0.0082400535597813,0,0
7.4,960786625.840389,469456432.307946,0.00208926455634359,2789691.32724071,0.0181941283340414,0.0096698368091225,0,0
7.5,1029086218.00457,500737321.928427,0.00261822177587052,3255007.04223135,0.0214704250154794,0.0113193769088716,0,0
7.6,1095662144.90671,531107140.747848,0.00325846327550466,3791201.69187141,0.0252510994897433,0.0132097668118492,0,0
7.7,1159803503.78846,560259923.287106,0.0040269935904652,4404293.24634035,0.0295799785962534,0.0153601029521041,0,0
7.8,1220907069.57597,587940293.122239,0.00494172407651365,5099395.53628122,0.0344946022187206,0.0177862770917651,0,0
7.9,1278495381.34002,613950389.541167,0.00602104179401208,5880328.04554235,0.0400233990464585,0.0204997110692235,0,0
8,1332223979.55083,638152048.291626,0.00728378887068832,6749244.04256572,0.046182977306016,0.0235061676648904,0,0
8.1,1381879725.14585,660465196.348498,0.00874864080438207,7706299.74864636,0.0529756983538921,0.0268047079171932,0,0
8.2,1427371264.2073,680862965.691479,0.010433688024391,8749404.63782711,0.0603878245381464,0.0303869244434967,0,0
8.3,1468713970.2353,699364572.490334,0.0123558402309245,9874082.24811597,0.0683884582135011,0.0342365425026214,0,0
8.4,1506011654.11303,716026960.293285,0.014530500692395,11073465.4663869,0.0769294497697015,0.038329462757569,0,0
8.5,1539437294.98116,730936168.887982,0.0169711750570117,12338432.5697294,0.0859463248335391,0.0426342618531498,0,0
8.6,1569213904.27671,744198893.213069,0.0196886861151004,13657900.9770364,0.0953603569366082,0.04711320260092,0,0
8.7,1595597707.48091,755935134.917382,0.0226913483542879,15019225.5270068,0.105081403393536,0.0517235782358533,0,0
8.8,1618863317.93023,766271791.725082,0.0259844016542521,16408707.8344183,0.115011553683054,0.0564194100777563,0,0
8.9,1639291657.79503,775337481.620569,0.0295701679473046,17812165.2127798,0.125049217880529,0.0611533305130936,0,0
9,1657160602.53196,783258576.651282,0.0334479285207733,19215514.238806,0.135093331143023,0.0658785036344184,0,0
9.1,1672738097.67386,790156317.226305,0.0376141296800008,20605323.9454195,0.145047346868216,0.0705504384596496,0,0
9.2,1686277296.154,796144799.345167,0.0420626325274078,21969313.1726592,0.154822832323799,0.0751286135605568,0,0
9.3,1698013582.41026,801329783.548514,0.0467850184301904,23296743.2007055,0.164342315873307,0.079577750629237,0,0
9.4,1708162977.74934,805808091.615539,0.0517710718693459,24578695.1074755,0.173541305504781,0.0838687066032908,0,0
9.5,1716921551.63401,809667428.167531,0.0570090768961557,25808227.6699305,0.182369447907898,0.0879789711760522,0,0
9.6,1724465583.3303,812986518.011711,0.0624863137116129,26980422.823035,0.190790877625943,0.0918927937717455,0,0
9.7,1730952498.28968,815835574.537135,0.0681895594523924,28092298.4615085,0.198783611168427,0.095600872789287,0,0
9.8,1736522456.05858,818277043.393811,0.0741052940446829,29142643.5626395,0.206338377709894,0.0990997929607672,0,0
9.9,1741298052.66132,820365496.417394,0.0802202043523343,30131836.4371504,0.213457333589168,0.102391401503674,0,0
10,1745387185.56737,822148928.123679,0.0865213951396357,31061576.4146779,0.220152140598522,0.105481912093938,0,0
10.1,1748883855.64018,823669126.660018,0.0929966702404385,31934596.1866036,0.226441911909138,0.108380937891432,0,0
10.2,1751870927.43844,824962911.141576,0.0996345207962927,32754453.4040463,0.232351713492325,0.111100802024003,0,0
10.3,1754419820.93682,826062002.218795,0.106424415987523,33525205.2593092,0.237910241212943,0.113655442724349,0,0
10.4,1756592335.41406,826993837.8805,0.113356853084343,34251228.9823701,0.243148529888522,0.116059819369291,0,0
10.5,1758442107.49823,827782224.856866,0.12042323565557,34937052.5438505,0.248098736442656,0.118329351664728,0,0
10.6,1760015002.42767,828447515.109709,0.12761609979875,35587159.6318577,0.252792743204353,0.120479268107862,0,0
10.7,1761350955.04355,829007424.96634,0.134928818821546,36205965.7452364,0.257261977986306,0.122524535269912,0,0
10.8,1762483933.85399,829477020.649605,0.142355790765353,36797631.546735,0.261536078664087,0.124479232835525,0,0
10.9,1763443214.69522,829869284.405736,0.149892204117112,37366090.7733125,0.265643086104087,0.126356653956007,0,0
11,1764254127.32092,830195446.594552,0.157534007805001,37914997.428614,0.269609062242909,0.128169132638091,0,0
11.1,1764938071.33294,830464993.032149,0.165277922538556,38447685.2836632,0.273457800034866,0.129927908406581,0,0
11.2,1765513440.02153,830686075.329306,0.173121300296937,38967197.8663914,0.277211032559551,0.131643232153706,0,0
11.3,1765995968.30595,830865665.446975,0.181062067140354,39476290.5558264,0.280888445883815,0.133324375249055,0,0
11.4,1766399116.66265,831009726.165075,0.189098662233287,39977445.0480435,0.284507780173197,0.134979680330698,0,0
11.5,1766734369.94531,831123343.733412,0.19722999953931,40472889.5735104,0.288084972489645,0.136616630790857,0,0
11.6,1767011556.49978,831210869.492803,0.205455372748727,40964622.1098689,0.291634320899752,0.138241930440092,0,0
11.7,1767239040.57649,831276005.259834,0.213774439756777,41454427.9841002,0.295168609171669,0.139861563626753,0,0
11.8,1767423961.32741,831321909.356235,0.222187220212375,41943907.2334069,0.298699301078236,0.141480888263717,0,0
11.9,1767572382.74171,831351263.118446,0.230693967510506,42434490.5791037,0.302236653674174,0.143104690278291,0,0
12,1767689514.1606,831366368.714728,0.239295190920812,42927470.1627109,0.305789935992265,0.144737287732898,0,0
12.1,1767779765.35128,831369173.562654,0.247991676268224,43424005.1101171,0.309367468389629,0.146382549867643,0,0
12.2,1767846878.5865,831361328.894747,0.256784275387386,43925144.761378,0.312976787935598,0.148043975657989,0,0
12.3,1767894035.74317,831344237.250496,0.265674177394252,44431844.4400368,0.316624760634083,0.149724747211477,0,0
12.4,1767923974.18534,831319103.873657,0.274662680854725,44944984.4540303,0.320317716828038,0.151427793956886,0,0
12.5,1767938985.69822,831286936.202605,0.283751204135735,45465370.9058159,0.324061456768941,0.153155795503728,0,0
12.6,1767941022.13787,831248590.723719,0.29294131834976,45993754.9038169,0.327861387606477,0.154911246463619,0,0
12.7,1767931740.53479,831204792.959208,0.302234731786805,46530841.2505898,0.331722585298828,0.156696485786437,0,0
12.8,1767912541.29238,831156154.389858,0.311633262700477,47077296.2288307,0.335649850102116,0.158513723039946,0,0
12.9,1767884609.70725,831103190.85584,0.321138856811665,47633755.8041989,0.339647765069954,0.160365066073954,0,0
13,1767848944.20928,831046335.062075,0.330753556880241,48200831.9150391,0.343720740903239,0.162252542228861,0,0
13.1,1767806387.47065,830985950.365543,0.340479511394841,48779119.2062126,0.347873064024054,0.164178121004412,0,0
13.2,1767757643.74486,830922338.438203,0.350318972219125,49369199.8241073,0.352108930768695,0.166143730217086,0,0
13.3,1767703301.25209,830855749.180053,0.36027431002989,49971648.6799666,0.356432484974941,0.168151273707407,0,0
13.4,1767643855.29336,830786390.977909,0.370347977914994,50587037.6587443,0.360847848103148,0.170202645467174,0,0
13.5,1767579709.22657,830714431.079163,0.380542544920601,51215939.195185,0.365359144683682,0.17229974169843,0,0
13.6,1767511194.90841,830640004.66092,0.390860668660977,51858930.5666313,0.369970533056804,0.17444447520387,0,0
13.7,1767438582.35559,830563219.097103,0.401305111381759,52516596.9681826,0.374686227364088,0.176638785703069,0,0
13.8,1767362086.88177,830484157.094832,0.411878743517807,53189534.7839768,0.37951052092822,0.178884650808992,0,0
13.9,1767281880.55478,830402881.711274,0.422584566136433,53878356.7588713,0.384447823456954,0.181184103217302,0,0
14,1767198089.09158,830319435.235602,0.433425633637108,54583681.5663824,0.389502585686253,0.183539196289105,0,0
14.1,1767110809.31434,830233846.376323,0.444405216426433,55306161.4302075,0.394679498234621,0.185952095654656,0,0
14.2,1767020103.8974,830146128.38385,0.455526557116485,56046462.1645352,0.399983347760184,0.188425013135357,0,0
14.3,1766926009.22644,830056282.295305,0.466793141480679,56805276.1864898,0.405419110541156,0.190960249964153,0,0
14.4,1766828538.78945,829964298.479012,0.47820852846357,57583321.8116775,0.410991947408579,0.193560194454061,0,0
14.5,1766727683.98584,829870156.92252,0.489776443946967,58381348.008409,0.416707237733457,0.196227337920831,0,0
14.6,1766623418.77911,829773829.336152,0.501500720687517,59200133.5070511,0.422570573172286,0.198964271633477,0,0
14.7,1766515698.93734,829675278.714242,0.513385347780383,60040493.2102357,0.428587803470788,0.201773708292769,0,0
14.8,1766404464.66632,829574460.499146,0.525434466231012,60903279.3204199,0.434765044605315,0.204658485756779,0,0
14.9,1766289642.21614,829471323.284947,0.537652365761355,61789383.2258997,0.441108692329584,0.207621573316567,0,0
15,1766171144.07249,829365808.835624,0.550043504426797,62699740.0627952,0.447625454822585,0.210666086947352,0,0
15.1,1766048870.03524,829257852.542629,0.562612517290671,63635330.9493456,0.454322368727223,0.213795296746345,0,0
15.2,1765922707.68444,829147383.590158,0.575364152540371,64597186.4708975,0.461206824121648,0.217012638562645,0,0
15.3,1765792532.94915,829034325.182391,0.588303558329762,65586389.1005917,0.468286581887179,0.220321722059532,0,0
15.4,1765658209.92278,828918594.392159,0.601435828582049,66604078.6250556,0.475569812555105,0.223726348839337,0,0
15.5,1765519591.00486,828800102.177124,0.614766403014413,67651456.1568912,0.483065125062338,0.227230525829194,0,0
15.6,1765376517.36219,828678753.578848,0.628300906183812,68729785.5369652,0.490781576845202,0.230838469927592,0,0
15.7,1765228817.83523,828554447.107741,0.642045210310876,69840402.9523808,0.498728742674767,0.234554640151123,0,0
15.8,1765076310.30764,828427075.43826,0.656005411413563,70984712.3725367,0.506916682088821,0.238383722312221,0,0
15.9,1764918799.2207,828296524.060448,0.670187865075977,72164203.4930095,0.515356067784597,0.24233068901456,0,0
16,1764756076.48075,828162671.740031,0.684599238247492,73380449.0450296,0.524058166450614,0.246400790597331,0,0
16.1,1764587920.64571,828025390.069125,0.699246410836056,74635112.3546655,0.533034892902131,0.250599580373822,0,0
16.2,1764414095.98239,827884542.949544,0.714136609872472,75929956.0775065,0.542298872635892,0.25493294379445,0,0
16.3,1764234351.7913,827739986.223558,0.729277401889485,77266848.5886303,0.551863487613968,0.259407119764843,0,0
16.4,1764048423.04559,827591568.018095,0.74467667372316,78647761.7313801,0.561742860215278,0.264028693073782,0,0
16.5,1763856026.44993,827439126.625334,0.760342751525323,80074800.1608621,0.571952063277972,0.268804692438778,0,0
16.6,1763656861.56757,827282491.115667,0.77628405113411,81550194.5929554,0.582507071860927,0.273742567883064,0,0
16.7,1763450609.36135,827121480.563036,0.792509656881973,83076314.4796125,0.593424854017158,0.278850233054297,0,0
16.8,1763236930.30169,826955903.041879,0.809029034606956,84655682.9063325,0.604723477486646,0.284136114956831,0,0
16.9,1763015463.23252,826785555.035682,0.825852079189422,86290986.365901,0.616422179723558,0.289609186555367,0,0
17,1762785823.69333,826610220.558297,0.842989106124088,87985088.8091788,0.628541468540553,0.295279013668067,0,0
17.1,1762547602.48244,826429670.407907,0.860451093987337,89741043.1407728,0.641103204472931,0.301155793312213,0,0
17.2,1762300364.02736,826243661.322227,0.878249402955595,91562105.5058728,0.654130703126082,0.30725040137309,0,0
17.3,1762043642.53248,826051933.955587,0.896396047505787,93451765.5969911,0.667648952219741,0.313574493779168,0,0
17.4,1761776942.55177,825854213.216964,0.914903623773115,95413743.6479282,0.681684590145212,0.320140496393693,0,0
17.5,1761499734.9093,825650206.137797,0.933785368891482,97452024.0983923,0.696266147075107,0.326961717381607,0,0
17.6,1761211452.3891,825439599.630773,0.953055274387331,99570888.854809,0.711424283199163,0.334052458213387,0,0
17.7,1760911489.70685,825222060.520642,0.972728035468204,101774920.644706,0.727191812835528,0.341428024784099,0,0
17.8,1760599197.88796,824997232.62483,0.99281914408353,104069047.810379,0.74360402527194,0.349104876904524,0,0
17.9,1760273881.33188,824764735.262723,1.01334495577521,106458569.178586,0.760698862962487,0.357100711240603,0,0
18,1759934793.94354,824524161.281388,1.03432273740652,108949186.942531,0.778517157105885,0.365434570999208,0,0
18.1,1759581134.40535,824275074.64051,1.05577071769411,111547046.523216,0.797102913222455,0.374126978897531,0,0
18.2,1759212040.53882,824017007.536004,1.07770817900276,114258783.337552,0.816503646229347,0.383200093155399,0,0
18.3,1758826584.95633,823749458.205802,1.10015561346638,117091560.626748,0.836770651494886,0.392677833642368,0,0
18.4,1758423766.5212,823471886.56908,1.12313461911655,120053140.926496,0.857959516865289,0.402586120288703,0,0
18.5,1758002512.68177,823183715.525658,1.14666801622229,123151873.394939,0.880130032062433,0.412952830639226,0,0
18.6,1757561655.97868,822884318.87855,1.17078031170012,126396886.705742,0.903347570491543,0.423808443414948,0,0
18.7,1757099937.20379,822573023.096288,1.19549713595075,129798066.395476,0.927682927193485,0.435185962718191,0,0
18.8,1756615990.27883,822249099.628901,1.22084611573773,133366184.420073,0.953213247097617,0.447121350121357,0,0
18.9,1756108338.69649,821911763.209291,1.24685645391543,137112934.982772,0.980022281908291,0.459653643978573,0,0
19,1755575380.39468,821560164.226155,1.27355926701462,141051070.456483,1.00820136407367,0.472825412641609,0,0
19.1,1755015366.20197,821193377.856741,1.30098781589834,145194582.53602,1.03785070485788,0.486683358486048,0,0
19.2,1754426392.68952,820810400.613002,1.32917759749985,149558771.837049,1.06907989333894,0.501278549706594,0,0
19.3,1753806391.97249,820410145.326174,1.35816643603526,154160345.170666,1.10200859370395,0.516666744407508,0,0
19.4,1753153096.50244,819991423.462278,1.3879949418581,159017727.887182,1.13676878351534,0.532909431944295,0,0
19.5,1752464028.96713,819552940.270019,1.41870646146409,164151162.325066,1.17350545962331,0.550074160729143,0,0
19.6,1751736473.65674,819093280.559605,1.4503477387347,169582967.222792,1.21237849750136,0.568235402720398,0,0
19.7,1750967450.8497,818610896.084701,1.48296866311169,175337779.469051,1.25356438419043,0.587475358857209,0,0
19.8,1750153681.236,818104087.975789,1.5166230618572,181442882.424388,1.29725857176324,0.607885052973411,0,0
19.9,1749291553.47588,817570990.843514,1.55136874211943,187928522.159658,1.3436777443693,0.629565385257893,0,0
20,1748377070.99246,817009546.570826,1.58726816273181,194828396.981713,1.39306332746264,0.652628763047031,0,0
20.1,1747405837.97702,816417497.805495,1.62438844947578,202179823.099905,1.44568267625811,0.677199651869891,0,0
20.2,1746372957.00419,815792337.457208,1.66280237273567,210024695.648122,1.50183596478298,0.703417777126297,0,0
20.3,1745272999.07548,815131294.501485,1.70258855487515,218409804.797283,1.56185845327631,0.731439175871702,0,0
20.4,1744099910.05085,814431288.284209,1.74383239787624,227387743.117866,1.62612699381425,0.761439218498626,0,0
20.5,1742846941.49828,813688895.159461,1.78662605496455,237017608.948757,1.69506507440785,0.793614950013375,0,0
20.6,1741506551.5709,812900300.523721,1.8310700959624,247366022.426902,1.76915010495376,0.828188472397538,0,0
20.7,1740070267.78578,812061232.401674,1.87727360217048,258508506.801509,1.84892332280871,0.865411542833161,0,0
20.8,1738528571.8746,811166906.232206,1.92535565926632,270530690.000412,1.93499841092058,0.905569572020018,0,0
20.9,1736870737.68218,810211946.993178,1.97544597771187,283530012.896597,2.02807375006005,0.948987308743239,0,0
21,1735084625.16859,809190290.371788,2.02768629655276,297617894.636373,2.12894794959311,0.996036045047499,0,0
21.1,1733156474.91991,808095084.798358,2.08223156458915,312921966.926476,2.23853587512327,1.04714104861053,0,0
21.2,1731070637.85063,806918562.582905,2.13925139753771,329589025.96825,2.35788982442793,1.10279138211666,0,0
21.3,1728809257.00545,805651888.727109,2.19893161245616,347788553.292597,2.48822478671758,1.16355161276558,0,0
21.4,1726351890.733,804284982.374672,2.26147609788114,367716965.477269,2.63094893303996,1.23007594390093,0,0
21.5,1723675056.02797,802806301.058268,2.32710850358768,389602862.173079,2.78770127186329,1.3031256637035,0,0
21.6,1720751682.88908,801202583.670951,2.39607437432885,413713387.781728,2.96039729929655,1.3835902925894,0,0
21.7,1717550446.95514,799458537.053198,2.46864328749478,440362185.502727,3.1512860801151,1.4725140196787,0,0
21.8,1714034965.94666,797556459.830477,2.54511098892894,469919179.18914,3.36302045178289,1.57112820826011,0,0
21.9,1710162809.46697,795475780.39757,2.6258015836381,502822884.650154,3.59874539025012,1.68089229867235,0,0
22,1705884296.40602,793192497.749957,2.71106950543866,539595746.057482,3.86220809905089,1.80354475147609,0,0
22.1,1701141007.39928,790678492.312004,2.80130097900105,580863619.909028,4.15789788441384,1.94116775396451,0,0
22.2,1695863950.36478,787900679.301248,2.89691476143024,627380522.31826,4.49122383436243,2.09626938760495,0,0
22.3,1689971277.64165,784819959.264657,2.99836195273789,680060390.68773,4.8687428837388,2.27188906059135,0,0
22.4,1683365493.27857,781389940.177991,3.10612170824562,740017547.36437,5.29845039942573,2.47173179100821,0,0
22.5,1675929920.71655,777555327.981324,3.22069578617146,808619812.986224,5.79016165240841,2.70034442491654,0,0
22.6,1667524333.41069,773249946.195735,3.34259583865837,887557517.325492,6.35600753678666,2.96334453120257,0,0
22.7,1657979544.9801,768394297.622103,3.47232232535112,978933848.208838,7.01108365612548,3.26771997890215,0,0
22.8,1647090634.12584,762892529.4783,3.61033007302102,1085385351.5316,7.77431615313493,3.62222835768567,0,0
22.9,1634608677.26781,756628757.182121,3.75697416377599,1210241271.42854,8.66960680871289,4.03792495062876,0,0
23,1620230597.17228,749462588.028547,3.91242663813859,1357738664.93049,9.72737923810676,4.52887524197344,0,0
23.1,1603587568.0668,741224070.059825,4.07654970697013,1533304188.57062,10.9866047418125,5.1130878256318,0,0
23.2,1584230978.50116,731707653.371879,4.24870831394671,1743950001.61961,12.4976491337889,5.81382456099336,0,0
23.3,1561618405.00033,720666315.39885,4.42749842087375,1998790842.16242,14.32599191823,6.66131069502703,0,0
23.4,1535100765.53736,707806438.235892,4.61036456402882,2309748207.89445,16.5572926683335,7.69506238196768,0,0
23.5,1503915731.63484,692785781.594937,4.79308572500469,2692488671.57824,19.3041442830989,8.9669857389412,0,0
23.6,1467196264.69401,675218562.889575,4.96913763736898,3167649720.49816,22.7148994071975,10.5454217405391,0,0
23.7,1424009025.01561,654694215.029323,5.12900230962601,3762400785.64697,26.9849165507148,12.5202909057569,0,0
23.8,1373444814.1658,630819499.04603,5.25964796143827,4512309615.35835,32.3700167606272,15.0092335499326,0,0
23.9,1314787082.68946,603295071.661302,5.34462300712549,5463382960.05517,39.2012160959031,18.1643044998178,0,0
24,1247771477.70489,572031309.046856,5.36548896498127,6673834420.73709,47.8975251575913,22.1777359729143,0,0
24.1,1172909335.95691,537290231.064573,5.30529807426161,8214917158.47518,58.9720581525316,27.2845719636675,0,0
24.2,1091752097.28826,499798075.427526,5.15410494919768,10169573017.3895,73.0224613161962,33.7580556118382,0,0
24.3,1006898061.81044,460741321.012284,4.914682930883,12627796053.7448,90.6977037357552,41.8941554344615,0,0
24.4,921573998.432033,421574813.869381,4.60469832228914,15678012666.2689,112.636143828185,51.9829902150209,0,0
24.5,838880754.435153,383684674.772012,4.25250601945235,19394646806.3608,139.375995362329,64.2677976868976,0,0
24.6,761089068.986871,348078156.382948,3.88793381980021,23822851307.8461,171.245157835879,78.8947831165633,0,0
24.7,689365732.187894,315266585.831771,3.53381541846033,28961273329.8478,208.236615023875,95.8567579024449,0,0
24.8,623970795.171477,285356748.272351,3.2028631926861,34745612378.4349,249.889310095251,114.939623682743,0,0
24.9,564644874.122687,258224836.263017,2.89961771060032,41039053236.6436,295.218519438307,135.691544273055,0,0
25,510923890.131919,233656842.758031,2.62408195420824,47639796855.7335,342.769738731736,157.448133953979,0,0
25.1,462305725.659733,211422638.480085,2.37446278549077,54312467930.7884,390.845232385556,179.435687578416,0,0
25.2,418312131.050437,191303385.987027,2.14852524234283,60835631689.8322,437.847208244907,200.926932160982,0,0
25.3,378504587.604529,173098514.435521,1.94407134010673,67044129478.7713,482.583695524935,221.379672592142,0,0
25.4,342485176.304934,156626041.039982,1.75906999787329,72845209539.2185,524.385169558193,240.489540061053,0,0
25.5,309893452.987727,141721125.485902,1.59167293459961,78206336665.2636,563.016626254366,258.149918990328,0,0
25.6,280403224.12915,128234591.989118,1.4402054885827,83131979052.8194,598.510059243626,274.375731807219,0,0
25.7,253719320.104448,116031452.889862,1.30315179868816,87643621537.2001,631.020233608889,289.237804202729,0,0
25.8,229574731.572016,104989598.897494,1.17914050416347,91768523524.3291,660.743574387385,302.825934905903,0,0
25.9,207727787.415515,94998508.463945,1.06693035083103,95534878247.5382,687.883246556039,315.232987894042,0,0
26,187959914.635937,85958223.3243399,0.965398709923681,98970209132.759,712.637589417407,326.549619841013,0,0
26.1,170073243.950486,77778253.4817247,0.873529288107687,102100757793.681,735.195703975834,336.862266690165,0,0
26.2,153888707.337694,70376707.1718662,0.790402357809292,104951314837.937,755.736233782502,346.252586274166,0,0
26.3,139244258.438607,63679477.0131346,0.71518561762777,107545135630.269,774.426758179665,354.797180584067,0,0
26.4,125993414.571184,57619573.2373906,0.647126704092796,109903902329.42,791.423519020705,362.567470436535,0,0
26.5,114003553.356145,52136344.6993067,0.585544442891708,112047766696.601,806.87172941236,369.629836220561,0,0
26.6,103154678.967758,47174914.6555775,0.529822512124888,113995385192.864,820.905826817523,376.045733317097,0,0
26.7,93338212.6219594,42685627.6283992,0.479403230030626,115763979677.535,833.649910603197,381.871891884635,0,0
26.8,84455907.0685529,38623552.9787573,0.43378197961142,117369409020.681,845.218258198219,387.160552632432,0,0
26.9,76418864.9263767,34948035.9694026,0.392502166614833,118826244878.864,855.715871225786,391.959716333367,0,0
27,69146648.6263003,31622290.7221097,0.355150648028648,120147851008.958,865.239047109208,396.313405013313,0,0
27.1,62566475.8104114,28613032.2559418,0.321353599495045,121346465205.256,873.875969561663,400.26193180098,0,0
27.2,56612488.3522495,25890142.1940482,0.290772760856536,122433277641.999,881.707273162996,403.84215894774,0,0
27.3,51225097.7905887,23426369.4160629,0.26310207417656,123418510816.719,888.806619456198,407.087761136213,0,0
27.4,46350385.2200412,21197055.614816,0.238064601460919,124311491335.232,895.241214253089,410.029461917051,0,0
27.5,41939562.9195681,19179889.0871519,0.21540975947704,125120721382.029,901.072322662354,412.695269119987,0,0
27.6,37948485.8141847,17354681.3145689,0.194910810526222,125853945248.508,906.355748500721,415.110693989126,0,0
27.7,34337209.9205931,15703165.0306479,0.176362594534457,126518211971.185,911.142285668541,417.298957508592,0,0
27.8,31069592.2910682,14208811.2665492,0.159579474286367,127119933697.148,915.478138733238,419.281182656349,0,0
27.9,28112929.1712602,12856663.8725778,0.144393476933233,127664940106.307,919.405315095694,421.076573671426,0,0
28,25437637.9926221,11633194.0862923,0.130652660644229,128158526878.812,922.961974245237,422.702575706881,0,0
28.1,23016934.2662314,10526152.7689073,0.118219455070152,128605507074.616,926.182797996739,424.175044078049,0,0
28.2,20826582.6926116,9524456.58231459,0.106969382995047,129010250761.905,929.099276049945,425.508374801799,0,0
28.3,18844668.0647973,8618083.21799071,0.0967898836497391,129376722107.142,931.73997325653,426.715626774913,0,0
28.4,17051360.5097814,7797964.03672218,0.0875791069462141,129708517775.046,934.130806325804,427.808648268165,0,0
28.5,15428708.6119982,7055889.45940186,0.0792448509195511,130008901771.543,936.295294897865,428.798191704174,0,0
28.6,13960472.5612265,6384432.66187717,0.0717037047430731,130280833611.094,938.25476451304,429.694006444874,0,0
28.7,12631962.1262446,5776875.47672138,0.0648802165294985,130526995822.923,940.028544817371,430.504929401501,0,0
28.8,11429878.7865268,5227136.19656919,0.058706082488603,130749821157.773,941.63416560958,431.238974658479,0,0
28.9,10342183.7379744,4729709.21022011,0.053119468978958,130951515654.129,943.08752305189,431.903409458015,0,0
29,9357997.95420289,4279619.29845611,0.0480644992032467,131134075689.773,944.403002540574,432.504810370847,0,0
29.1,8467466.20731487,3872359.44773577,0.0434905547924842,131299312229.344,945.593653428658,433.049143172927,0,0
29.2,7661679.21905084,3503855.2481948,0.039351875959172,131448864456.479,946.671287256424,433.541807752398,0,0
29.3,6932573.93315873,3170419.2859964,0.0356070492767747,131584217406.719,947.646604810431,433.987696196119,0,0
29.4,6272852.17120274,2868713.94283481,0.0322185898801191,131706716559.604,948.52930127086,434.39124085927,0,0
29.5,5675911.24700154,2595719.66438422,0.029152585087641,131817580312.302,949.328156093681,434.756455456327,0,0
29.6,5135778.49113419,2348705.01690825,0.0263783581065027,131917911611.219,950.051116825485,435.086973378125,0,0
29.7,4647046.07630305,2125196.88145787,0.0238681332829685,132008709779.002,950.705384326073,435.386086652815,0,0
29.8,4204821.03484993,1922957.59577676,0.0215967793826379,132090879656.461,951.297478642906,435.656776061566,0,0
29.9,3804678.72192748,1739963.67198105,0.019541570568235,132165239958.516,951.83329922215,435.901738664998,0,0
30,3442615.61027477,1574384.20856686,0.017681943944386,132232531863.271,952.318186799458,436.123416097658,0,0
